,stocks(PE),,,,,"bond(%,annual yield)",,,,,,,,,,,Currency,,commodities,,,,,,,,,Swiss-Related,,,
date,U.S.,exUS-dev,EM,Europe-dev,China,EFFR,SOFR,10y-US,30y-US,Baa premium,SHIBOR-overnight,10y-China,10y-Germany,10y-France,10y-Italy,10y-Japan,USD index,USD/CNY,WTI($/barrel),Natural Gas($/MMBtu),HRC($/20short tons ),gold($/toz),silver($/toz),gold-silver-ratio,copper($/metric tonne),wheat(¢/bu),BTC($),Swiss Stocks,10y-swiss,SARON-overnight,CHF/USD
2025/3/19,25.25,17.16,15.7,17.97,17.48,4.33,4.29,4.31,4.6,1.63,1.763,1.967,2.807,3.47,3.907,1.531,103.43,7.23,66.73,4.247,937,3028,33.975,89.12435614,9913.5,563.5,82780,23.45,0.68,0.43,1.13
2025/4/23,23.25,16,14.2,16.43,14.18,4.33,4.3,4.42,4.91,1.96,1.626,1.679,2.504,3.236,3.617,,99.84,7.2869,61.69,3.025,811,3282,33.5,97.97014925,9188.5,529.25,93691,21.22,0.417,0.18,1.21
2025/5/28,26.12,17.23,15,17.46,14.6,4.33,4.31,4.51,5.04,1.88,1.411,1.724,2.538,3.21,3.516,,99.88,7.195,61.53,3.511,835,3297,33.2,99.30722892,9596.5,531.25,109001,22.33,0.274,0.21,1.209
2025/6/28,27.45,17.17,15.36,17.33,14.93,4.33,4.4,4.26,4.81,1.8,1.371,1.666,2.592,3.28,3.482,,97.25,7.173,65.07,3.745,884,3274,35.84,91.35044643,9878,525,107465,21.57,0.41,-0.04,1.252
2025/7/28,28.78,17.42,15.72,17.69,14.99,4.33,4.3,4.43,4.96,1.68,1.467,1.735,2.692,3.355,3.518,,98.14,7.173,65.69,3.063,871,3339,38.17,87.47707624,9769.5,533.25,118849,21.95,0.436,-0.05,1.25
2025/8/25,28.49,17.85,15.83,17.88,15.23,4.33,4.36,4.33,4.92,1.73,1.356,1.784,2.764,3.496,3.584,,98.23,7.156,64.97,2.66,827,3371,38.64,87.24120083,9796.5,506.5,112387,22.18,0.355,-0.04,1.24
2025/9/27,29.82,17.96,17.07,17.83,16.59,4.09,4.18,4.18,4.75,1.67,1.321,1.896,2.754,3.576,3.587,1.647,97.91,,65.72,3.206,805,3759,45.8,82.07423581,,,,,,,
2025/11/1,30.76,18.57,17.89,18.52,16.49,3.87,4.04,4.11,4.65,1.64,1.321,1.761,2.634,3.422,3.363,1.659,99.72,7.117,60.88,4.116,880,4002,48.68,82.21035333,10887.5,533.75,110004,22.23,0.184,0,1.242
2025/12/1,30.46,18.74,17.57,18.55,15.83,3.89,4.12,4,4.64,1.78,1.302,1.853,2.755,3.498,3.473,1.862,99.36,7.071,58.63,4.836,898,4212,58.265,72.29039732,11189,539,90086,23.01,0.193,-0.04,1.245
2026/1/4,30.26,18.9,18.13,18.97,15.69,3.64,3.7,4.18,4.84,1.75,1.258,1.856,2.903,3.615,3.618,2.073,98.43,6.9937,57.33,3.641,964,4332,72.82,59.48915133,12469,506.5,91279,23.78,0.348,-0.04,1.263
2026/2/27,28.35,19.42,18.79,18.93,14.97,3.64,3.67,4.05,4.67,1.73,1.358,1.821,2.656,3.227,3.278,2.112,97.65,6.862,67.29,2.857,1017,5278.1,93.72,56.31775501,13304.5,590,65742,22.85,0.25,0,1.3
2026/3/28,26.64,17.97,17.13,17.3,14.36,3.64,3.65,4.42,4.93,1.73,1.317,1.834,3.103,3.842,4.07,2.38,100.19,6.911,101.16,3.081,1070,4493.79,67.55,66.5253886,12195,605.75,66367,21.18,0.46,-0.05,1.251
2026/5/14,29.78,18.56,19.45,17.89,14.15,3.63,3.6,4.46,5.03,1.66,,,,,,2.635,,,,,,,,#DIV/0!,,,,,,,
2026/5/29,30.39,18.52,19.85,18.37,13.67,3.62,3.62,4.48,5.01,1.56,1.324,1.734,2.942,3.552,3.653,2.657,98.9,6.766,87.38,3.291,1122,4560.9,75.71,60.2417118,13701.05,610.25,73716,22.13,0.486,-0.04,1.28
2026/8/1,29.88,19.01,17.99,19.12,13.69,3.63,3.65,4.68,5.21,1.64,1.41,1.721,3.229,4.001,4.02,2.799,99.8,,,,,,,,,,,,,,
2026/9/11,30.25,19.19,19.98,19.26,13.60,3.63,3.64,4.83,5.28,1.55,1.404,1.6790,3.5025,4.4360,4.3883,2.9160,99.090,6.7122,102.48,2.83,1235,4323.0,64.28,67.25264468,14672.00,723.25,77099.10000,22.71,0.536,-0.04,1.22971
2026/9/22,30.28,18.99,19.74,18.92,13.37,3.88,3.85,5.01,5.34,1.40,1.364,1.6700,3.4444,4.5070,4.3630,2.9890,100.485,6.69955,94.59,3.01,1237,4371.899902,65.93,66.31123771,14788.00,716.25,86389.10000,22.39,0.564,-0.04,1.21988
2026/10/2,30.16,18.95,19.62,18.98,13.21,3.88,3.87,5.29,5.64,1.47,1.362,1.6978,3.4217,5.0140,4.6670,3.1110,101.913,6.70489,89.03,2.96,1275,4194.799805,61.56,68.14164725,14335.00,683.75,86892.40000,22.54,0.570,-0.04,1.20693